Txhash,Blockno,UnixTimestamp,DateTime,From,To,ContractAddress,Value_IN(ETH),Value_OUT(ETH),CurrentValue @ $1865.66/Eth,TxnFee(ETH),TxnFee(USD),Historical $Price/Eth,Status,ErrCode,Method
0x0a1813fc04c0bef3193c102c55945bc46ef498e5346aac00523e924020fabf6d,6323133,1536828204,9/13/2018 8:43,0xd8da6bf26964af9d7eed9e03e53415d37aa96045,0x818e6fecd516ecc3849daf6845e3ec868087b755,,0,0.005,9.3283,0.00027163,0.506769226,211.27,Error(0),Reverted,0x00000000
0x06d3839b4dde3fee9208b360306fa1c0b33a9f67b0f9cb2145f68a6f65a77480,6323153,1536828417,9/13/2018 8:46,0xd8da6bf26964af9d7eed9e03e53415d37aa96045,0x818e6fecd516ecc3849daf6845e3ec868087b755,,0,0.01,18.6566,0.00216701,4.042903877,211.27,,,Trade
0x5e8e19450ac209427ee5e5979db291570aad0f277b9a706298497ad3fae44487,6323175,1536828667,9/13/2018 8:51,0xd8da6bf26964af9d7eed9e03e53415d37aa96045,0x818e6fecd516ecc3849daf6845e3ec868087b755,,0,0.005,9.3283,0.0020857,3.891207062,211.27,,,Trade
0xd993061300af47515afa9d60fadc5f7b60638b7ad3c78bdc55295e784243a569,6938692,1545572854,12/23/2018 13:47,0xd8da6bf26964af9d7eed9e03e53415d37aa96045,0xc02aaa39b223fe8d0a0e5c4f27ead9083c756cc2,,0,0.1,186.566,0.00086692,1.617377967,131.56,,,Deposit
0x5dadba8b590f4e8fd1a331e0726c2d27809223645f479e7d7cf67741eb832c4e,6938757,1545573849,12/23/2018 14:04,0xd8da6bf26964af9d7eed9e03e53415d37aa96045,0xa5c9ecf54790334b73e5dfa1ff5668eb425dc474,,0,0,0,0.000440316,0.821480013,131.56,,,Open Channel
0x815e5cc6e8b3569e3d96128b08ce24f51305a8a3d3fdaa7f8671107e6bf91f16,6938766,1545573959,12/23/2018 14:05,0xd8da6bf26964af9d7eed9e03e53415d37aa96045,0xa5c9ecf54790334b73e5dfa1ff5668eb425dc474,,0,0,0,0.000455834,0.850431879,131.56,,,Open Channel
0xff65029ac17a0ee7c392e97dcbe9fcf3b1699e08ba0688ba5d1660f0881960c4,6938777,1545574185,12/23/2018 14:09,0xd8da6bf26964af9d7eed9e03e53415d37aa96045,0xc02aaa39b223fe8d0a0e5c4f27ead9083c756cc2,,0,0,0,0.000215013,0.401140961,131.56,,,Approve
0x637617194f4d4c011e51eda6f2e3db422c5ac1057517e9767622c9690f0b50d1,6938784,1545574314,12/23/2018 14:11,0xd8da6bf26964af9d7eed9e03e53415d37aa96045,0xa5c9ecf54790334b73e5dfa1ff5668eb425dc474,,0,0,0,0.000265743,0.495786826,131.56,,,Set Total Deposit
0x02817613d01a0ab9d2a79399308abf67274a72fb67ac39b3a356033bfad8399e,6938791,1545574413,12/23/2018 14:13,0xd8da6bf26964af9d7eed9e03e53415d37aa96045,0xc02aaa39b223fe8d0a0e5c4f27ead9083c756cc2,,0,0,0,0.000212472,0.396400448,131.56,,,Approve
0xb5b72aed692df19bea08e19ac6593476e5339a78808e78eaca635a77f8e46977,6938797,1545574480,12/23/2018 14:14,0xd8da6bf26964af9d7eed9e03e53415d37aa96045,0xa5c9ecf54790334b73e5dfa1ff5668eb425dc474,,0,0,0,0.000269838,0.503426492,131.56,,,Set Total Deposit
0xea30bda97a7e9afcca208d5a648e8ec1e98b245a8884bf589dec8f4aa332fb14,8121770,1562738331,7/10/2019 5:58,0xd8da6bf26964af9d7eed9e03e53415d37aa96045,0x6090a6e47849629b7245dfa1ca21d94cd15878ef,,0,0,0,0.001040479,1.941180051,288.64,,,Transfer Registrars
0xe041715c535731cbae8473248b293e8a2355c38301c616adadb74a9f3e9e2309,8121778,1562738481,7/10/2019 6:01,0xd8da6bf26964af9d7eed9e03e53415d37aa96045,0xf0ad5cad05e10572efceb849f6ff0c68f9700455,,0,0.016071961,29.98481427,0.001366011,2.548512082,288.64,,,Renew
0x9386f4c688be0d6007d35562d45a7de0c312e19711ba9b4e2cce57b0233a9726,8121790,1562738636,7/10/2019 6:03,0xd8da6bf26964af9d7eed9e03e53415d37aa96045,0x6090a6e47849629b7245dfa1ca21d94cd15878ef,,0,0,0,0.00015698,0.292871307,288.64,,,Transfer Registrars
0x84f5ca64aadacaf1bf438760cb40acdb84a1e09630985e2f0a6c1b22924ed137,8121806,1562738859,7/10/2019 6:07,0xd8da6bf26964af9d7eed9e03e53415d37aa96045,0xf0ad5cad05e10572efceb849f6ff0c68f9700455,,0,0.016071961,29.98481427,0.00010169,0.189718965,288.64,,,Renew
0x4f8b944eb2e2f3384894286661a8282bc199ce3b93419896f0d7f1b8e2792ee3,8720695,1570800873,10/11/2019 13:34,0xd8da6bf26964af9d7eed9e03e53415d37aa96045,0xe692869347b9b18ef2deed19ae1bbace303b52b0,,0,3,5596.98,0.000189,0.35260974,180.94,,,Transfer
0x4a183e0ca3ab37956b600b7f3249826280897bc9ac6325c98e235d6a8c98e30c,8834336,1572356416,10/29/2019 13:40,0xd8da6bf26964af9d7eed9e03e53415d37aa96045,0x314159265dd8dbb310642f98f50c066173c1259b,,0,0,0,0.000047111,0.087893108,191.11,,,Set Resolver
0x09922ac0caf1efcc8f68ce004f382b46732258870154d8805707a1d4b098dfd0,8834378,1572356854,10/29/2019 13:47,0xd8da6bf26964af9d7eed9e03e53415d37aa96045,0x226159d592e2b063810a10ebf6dcbada94ed68b8,,0,0,0,0.00005508,0.102760553,191.11,,,Set Addr
0xa1d55ef0c616993359b62e059d0696a87e1c4248a918f0d52168b01be7df84db,8834383,1572356914,10/29/2019 13:48,0xd8da6bf26964af9d7eed9e03e53415d37aa96045,0x226159d592e2b063810a10ebf6dcbada94ed68b8,,0,0,0,0.000052546,0.09803297,191.11,,,Set Text
0xc9fbb6fecc767d532f019880fe1e267b96ef8aef23656e073b7ca95513468b9a,8835278,1572369800,10/29/2019 17:23,0xd8da6bf26964af9d7eed9e03e53415d37aa96045,0x9062c0a6dbd6108336bcbe4593a3d1ce05512069,,0,0,0,0.000105016,0.195924151,191.11,,,Set Name
0x9abef55652f6513f5a134462e8b831e21d8a1a596b1dab103126956ae4bf1ba7,8938246,1573818375,11/15/2019 11:46,0x3379e1cdb6ef6515dbfaece748b69083ad28aa67,0xd8da6bf26964af9d7eed9e03e53415d37aa96045,,0.002,0,3.73132,0.000042,0.07835772,180.03,,,Transfer
0xb739993dd01dd5b556321b301bd9498c9b3f7e8ab77301e2730fc71fc9a4c70c,8960740,1574142063,11/19/2019 5:41,0xa7cba8eec7079345a5681d3d847da2da0b31dd42,0xd8da6bf26964af9d7eed9e03e53415d37aa96045,,0.000182984,0,0.341385872,0.000126,0.23507316,175.96,,,Transfer
0x5fe5f63041c670d73d41799dcb66178474bf357fc10ae94875f1b0c3e36c1d0e,9108644,1576382953,12/15/2019 4:09,0x0056e5148741ba26729e7d2330a1fe8668929d7c,0xd8da6bf26964af9d7eed9e03e53415d37aa96045,,0.002,0,3.73132,0.000168,0.31343088,142.74,,,Transfer
0xd9da613bf46e0f667bbe57dee0b0b2b7341ba80411ca39244872ea6519e69762,9141492,1576945506,12/21/2019 16:25,0x7b4a4ea6b348ab30485db514fbdd17d59539dc99,0xd8da6bf26964af9d7eed9e03e53415d37aa96045,,0.000000001,0,1.86566E-06,0.0001575,0.29384146,127.52,,,Transfer
0x845990bce5d91af74aee7fd58fa40d60b34f5ff3981373cc8b652108a100e04b,9220850,1578233780,1/5/2020 14:16,0x363fdb02aee6838afb0e034dc5ea54eb8e31e8b9,0xd8da6bf26964af9d7eed9e03e53415d37aa96045,,0.000000001,0,1.86566E-06,0.000021,0.03917886,135.44,,,Transfer
0xa8dfc02c443c03d3178526ffcfc46075f0a53cda2a389ed897d128caf161fe5c,9220952,1578235130,1/5/2020 14:38,0x363fdb02aee6838afb0e034dc5ea54eb8e31e8b9,0xd8da6bf26964af9d7eed9e03e53415d37aa96045,,1.337E-08,0,2.49439E-05,0.000021,0.03917886,135.44,,,Transfer
0x9ba32fa24a686458a9c9539fa5a72a893c37f2cce794b5df3c939cd69922c90c,9220956,1578235214,1/5/2020 14:40,0x363fdb02aee6838afb0e034dc5ea54eb8e31e8b9,0xd8da6bf26964af9d7eed9e03e53415d37aa96045,,1.337E-08,0,2.49439E-05,0.000021,0.03917886,135.44,,,Transfer
0xad11c1ebb5497214d9096a2ff6d36518f0b31febcaa13722851518a5cbbac78a,9220956,1578235214,1/5/2020 14:40,0x363fdb02aee6838afb0e034dc5ea54eb8e31e8b9,0xd8da6bf26964af9d7eed9e03e53415d37aa96045,,1.337E-08,0,2.49439E-05,0.000021,0.03917886,135.44,,,Transfer
0xbc27f50e0d4b41c79b6a8590528581fa045bc2127e2e57842a2930d6feb9ccdb,9220957,1578235225,1/5/2020 14:40,0x363fdb02aee6838afb0e034dc5ea54eb8e31e8b9,0xd8da6bf26964af9d7eed9e03e53415d37aa96045,,1.337E-08,0,2.49439E-05,0.000021,0.03917886,135.44,,,Transfer
0xd0c04db25885c89413c39abfccb25d13923fabfca86748570cf19136d3905579,9220958,1578235233,1/5/2020 14:40,0x363fdb02aee6838afb0e034dc5ea54eb8e31e8b9,0xd8da6bf26964af9d7eed9e03e53415d37aa96045,,1.337E-08,0,2.49439E-05,0.000021,0.03917886,135.44,,,Transfer
0x0e51e59b9545e8da66d61f2ba70ceeff9acc1ef3f3e8fc6873d72445c71c6175,9221864,1578246929,1/5/2020 17:55,0x363fdb02aee6838afb0e034dc5ea54eb8e31e8b9,0xd8da6bf26964af9d7eed9e03e53415d37aa96045,,0.000001337,0,0.002494387,0.000021,0.03917886,135.44,,,Transfer
0x211efea7307a064ba4f210a6b3568a71c16118c3a38be4edb97b589cdc1a7bef,9232754,1578390497,1/7/2020 9:48,0x3dda1d6ad867d28e76ed733dc1d357d249039310,0xd8da6bf26964af9d7eed9e03e53415d37aa96045,,0,0,0,0.00010588,0.197536081,143.18,,,0x76697461
0xede1eb15f5e74520dab15047b4755ec674635f6002a3c05d65b4b6695249898c,9246554,1578574238,1/9/2020 12:50,0x8d3caf6b8630038eec261646a53476402c8fc739,0xd8da6bf26964af9d7eed9e03e53415d37aa96045,,0.000001,0,0.00186566,0.000168,0.31343088,137.9,,,Transfer
0x5fa5bc2070fb535ea46eecdfa7715944642e5a8937484fdf64b33478736cf8d7,9269924,1578882599,1/13/2020 2:29,0xc5748c74b99e6948d8f5738e7e0a8da12e322099,0xd8da6bf26964af9d7eed9e03e53415d37aa96045,,0.001,0,1.86566,0.00021,0.3917886,143.7,,,Transfer
0x2d8bbb0d65ffb567ec091997df89244021ac284adb6f27a69c62e8c970d86c52,9368201,1580183643,1/28/2020 3:54,0x392cf49ef5219a28cf3e5de4ac56214365a85af0,0xd8da6bf26964af9d7eed9e03e53415d37aa96045,,0,0,0,0.000031812,0.059350376,176,,,0xe5bcbae5
0xc033118620554652e0d3ffa403c7581ed76e829f81311088b9756bd5b9d3541c,9368540,1580188100,1/28/2020 5:08,0xce2b8fdfbfe3677a994cfbbe7924a748345fdef1,0xd8da6bf26964af9d7eed9e03e53415d37aa96045,,0.0000001,0,0.000186566,0.0000252,0.047014632,176,,,Transfer
0x5d4d441be5afe289cfb686223f5ebfc4d78ed98ba7b9412c47df602c14c09534,9379265,1580329560,1/29/2020 20:26,0x5e9c1e2d525ffd382a11ce706607a61ff3ced75f,0xd8da6bf26964af9d7eed9e03e53415d37aa96045,,0.001,0,1.86566,0.0001512,0.282087792,173.55,,,Transfer
0x698b9f893199bcba7773c0d7a8ee6d6f8f8f3bd78ca1d71c9077fa5f6a37c0f8,9393625,1580521513,2/1/2020 1:45,0x08e240028a8b4106f802185a3eb9f39e39b56692,0xd8da6bf26964af9d7eed9e03e53415d37aa96045,,0.0005,0,0.93283,0.000042,0.07835772,183.66,,,Transfer
0xed7824bfadfccd098bfb1005f18796f35f22f57c0d2a76c44835c29025c3822f,9430476,1581010412,2/6/2020 17:33,0x5e9c1e2d525ffd382a11ce706607a61ff3ced75f,0xd8da6bf26964af9d7eed9e03e53415d37aa96045,,0.0003,0,0.559698,0.0000693,0.129290238,212.88,,,Transfer
0x43884a9355d54dae48ad37bad5889a50f19af1f8f231143e15add370a42d1f26,9430841,1581015308,2/6/2020 18:55,0xd8da6bf26964af9d7eed9e03e53415d37aa96045,0xb1e14bccad2f1f5a58fa789d80f8e4142d9f7eaf,,0,800,1492528,0.000189459,0.353466078,212.88,,,Transfer
